中转IP,中转端口,回源IP,国家,数据中心,IP类型,网络延迟,等效带宽,峰值速度,峰值速度数值
35.230.79.26,443,35.212.212.2,US,Seattle,隧道,22 ms,856 Mbps,109568 kB/s,109568.0
192.9.139.160,443,192.9.139.160,US,San Jose,中转,2 ms,800 Mbps,102400 kB/s,102400.0
34.82.76.253,443,34.105.52.138,US,Seattle,隧道,21 ms,766 Mbps,98099 kB/s,98099.0
35.197.23.75,443,35.212.212.2,US,Seattle,隧道,24 ms,760 Mbps,97280 kB/s,97280.0
184.169.181.217,443,184.169.181.217,US,San Jose,中转,5 ms,636 Mbps,81510 kB/s,81510.0
23.94.43.51,443,23.94.43.51,US,Seattle,中转,22 ms,611 Mbps,78233 kB/s,78233.0
18.216.55.100,443,18.216.55.100,US,Columbus,中转,61 ms,364 Mbps,46592 kB/s,46592.0
152.70.155.147,443,152.70.155.147,US,Los Angeles,中转,28 ms,276 Mbps,35430 kB/s,35430.0
3.112.21.102,443,3.112.21.102,JP,Tokyo,中转,135 ms,209 Mbps,26828 kB/s,26828.0
18.184.55.249,443,18.184.55.249,DE,Frankfurt,中转,160 ms,138 Mbps,17715 kB/s,17715.0
18.197.218.69,443,18.197.218.69,DE,Frankfurt,中转,172 ms,120 Mbps,15462 kB/s,15462.0
3.67.25.193,443,18.197.218.69,DE,Frankfurt,隧道,162 ms,120 Mbps,15360 kB/s,15360.0
158.180.73.138,443,2602:ffe4:407:20da:0:2350:138c:ead,SG,Singapore,隧道,212 ms,48 Mbps,6247 kB/s,6247.0
150.230.7.216,443,150.230.7.216,JP,Osaka,中转,116 ms,48 Mbps,6198 kB/s,6198.0
168.138.46.67,443,168.138.46.67,JP,Osaka,中转,120 ms,48 Mbps,6159 kB/s,6159.0
64.110.104.30,443,64.110.104.30,JP,Osaka,中转,115 ms,48 Mbps,6153 kB/s,6153.0
129.213.136.180,443,2603:c020:4015:ebab:563:e432:6616:6dc6,US,Ashburn,隧道,69 ms,45 Mbps,5875 kB/s,5875.0
192.9.180.162,443,192.9.180.162,AU,Sydney,中转,149 ms,44 Mbps,5663 kB/s,5663.0
131.186.17.132,443,131.186.17.132,KR,Seoul,中转,134 ms,44 Mbps,5646 kB/s,5646.0
168.138.13.201,443,168.138.13.201,AU,Melbourne,中转,177 ms,43 Mbps,5573 kB/s,5573.0
138.3.252.187,443,138.3.252.187,DE,Frankfurt,中转,172 ms,42 Mbps,5423 kB/s,5423.0
132.145.232.171,443,2603:c020:8017:1500:df10:8f8a:d484:d994,DE,Frankfurt,隧道,173 ms,40 Mbps,5195 kB/s,5195.0
158.101.214.54,443,158.101.214.54,NL,Amsterdam,中转,160 ms,40 Mbps,5183 kB/s,5183.0
8.219.186.99,443,8.219.66.146,SG,Singapore,隧道,183 ms,38 Mbps,4944 kB/s,4944.0
168.138.165.174,443,168.138.165.174,SG,Singapore,中转,179 ms,36 Mbps,4629 kB/s,4629.0
146.56.162.25,443,146.56.162.25,KR,Seoul,中转,136 ms,13 Mbps,1755 kB/s,1755.0
129.159.84.71,443,129.159.84.71,US,Ashburn,中转,105 ms,6 Mbps,859 kB/s,859.0
47.57.13.107,443,8.212.22.44,HK,Hong Kong,隧道,160 ms,0 Mbps,32 kB/s,32.0
